<keymap version="1" name="Default for Windows copy" parent="$default">
  <action id="AppServers.DeployAll">
    <keyboard-shortcut first-keystroke="shift d" />
  </action>
  <action id="EditorDown">
    <keyboard-shortcut first-keystroke="down" />
    <keyboard-shortcut first-keystroke="ctrl n" />
  </action>
  <action id="EditorSelectWord">
    <keyboard-shortcut first-keystroke="alt w" />
  </action>
  <action id="EditorUp">
    <keyboard-shortcut first-keystroke="up" />
    <keyboard-shortcut first-keystroke="ctrl p" />
  </action>
  <action id="FileChooser.NewFolder">
    <keyboard-shortcut first-keystroke="alt insert" />
  </action>
  <action id="GotoClass" />
  <action id="MoveTabRight">
    <keyboard-shortcut first-keystroke="alt v" second-keystroke="v" />
  </action>
  <action id="NewClass">
    <keyboard-shortcut first-keystroke="alt n" />
  </action>
  <action id="ParameterInfo">
    <keyboard-shortcut first-keystroke="alt p" />
  </action>
  <action id="TypeHierarchy">
    <keyboard-shortcut first-keystroke="alt h" />
  </action>
  <action id="Unsplit">
    <keyboard-shortcut first-keystroke="alt v" second-keystroke="b" />
  </action>
  <action id="UpdateRunningApplication">
    <keyboard-shortcut first-keystroke="alt u" />
  </action>
  <action id="android.deploy.ApplyChanges">
    <keyboard-shortcut first-keystroke="ctrl f10" />
  </action>
  <action id="android.deploy.CodeSwap">
    <keyboard-shortcut first-keystroke="ctrl alt f10" />
  </action>
</keymap>