<application>
  <component name="ProjectManager">
    <defaultProject>
      <component name="CommitMessageInspectionProfile">
        <profile version="1.0">
          <inspection_tool class="BodyLimit" enabled="true" level="WARNING" enabled_by_default="true" />
          <inspection_tool class="SubjectBodySeparation" enabled="true" level="WARNING" enabled_by_default="true" />
          <inspection_tool class="SubjectLimit" enabled="true" level="WARNING" enabled_by_default="true" />
        </profile>
      </component>
      <component name="Encoding" native2AsciiForPropertiesFiles="true" />
      <component name="JavaDocConfiguration">
        <GENERAL>
          <MODE>UPDATE</MODE>
          <OVERRIDDEN_METHODS>false</OVERRIDDEN_METHODS>
          <SPLITTED_CLASS_NAME>true</SPLITTED_CLASS_NAME>
          <LEVELS>
            <LEVEL>FIELD</LEVEL>
            <LEVEL>METHOD</LEVEL>
            <LEVEL>TYPE</LEVEL>
          </LEVELS>
          <VISIBILITIES>
            <VISIBILITY>PROTECTED</VISIBILITY>
            <VISIBILITY>DEFAULT</VISIBILITY>
            <VISIBILITY>PUBLIC</VISIBILITY>
          </VISIBILITIES>
        </GENERAL>
        <TEMPLATES>
          <CLASSES>
            <CLASS>
              <KEY>^.*(public|protected|private)*.+interface\s+\w+.*</KEY>
              <VALUE>/**\n
 * The interface ${name}.\n
&lt;#if element.typeParameters?has_content&gt;        * \n
&lt;/#if&gt;
&lt;#list element.typeParameters as typeParameter&gt;
        * @param &lt;${typeParameter.name}&gt; the type parameter\n
&lt;/#list&gt;
 */</VALUE>
            </CLASS>
            <CLASS>
              <KEY>^.*(public|protected|private)*.+enum\s+\w+.*</KEY>
              <VALUE>/**\n
 * The enum ${name}.\n
 */</VALUE>
            </CLASS>
            <CLASS>
              <KEY>^.*(public|protected|private)*.+class\s+\w+.*</KEY>
              <VALUE>/**\n
 * The type ${name}.\n
&lt;#if element.typeParameters?has_content&gt;        * \n
&lt;/#if&gt;
&lt;#list element.typeParameters as typeParameter&gt;
        * @param &lt;${typeParameter.name}&gt; the type parameter\n
&lt;/#list&gt;
 */</VALUE>
            </CLASS>
            <CLASS>
              <KEY>.+</KEY>
              <VALUE>/**\n
 * The type ${name}.\n
 */</VALUE>
            </CLASS>
          </CLASSES>
          <CONSTRUCTORS>
            <CONSTRUCTOR>
              <KEY>.+</KEY>
              <VALUE>/**\n
 * Instantiates a new ${name}.\n
&lt;#if element.parameterList.parameters?has_content&gt;
         *\n
&lt;/#if&gt;
&lt;#list element.parameterList.parameters as parameter&gt;
         * @param ${parameter.name} the ${paramNames[parameter.name]}\n
&lt;/#list&gt;
&lt;#if element.throwsList.referenceElements?has_content&gt;
         *\n
&lt;/#if&gt;
&lt;#list element.throwsList.referenceElements as exception&gt;
         * @throws ${exception.referenceName} the ${exceptionNames[exception.referenceName]}\n
&lt;/#list&gt;
 */</VALUE>
            </CONSTRUCTOR>
          </CONSTRUCTORS>
          <METHODS>
            <METHOD>
              <KEY>^.*(public|protected|private)*\s*.*(\w(\s*&lt;.+&gt;)*)+\s+get\w+\s*\(.*\).+</KEY>
              <VALUE>/**\n
 * Gets ${partName}.\n
&lt;#if element.typeParameters?has_content&gt;         * \n
&lt;/#if&gt;
&lt;#list element.typeParameters as typeParameter&gt;
         * @param &lt;${typeParameter.name}&gt; the type parameter\n
&lt;/#list&gt;
&lt;#if element.parameterList.parameters?has_content&gt;
         *\n
&lt;/#if&gt;
&lt;#list element.parameterList.parameters as parameter&gt;
         * @param ${parameter.name} the ${paramNames[parameter.name]}\n
&lt;/#list&gt;
&lt;#if isNotVoid&gt;
         *\n
         * @return the ${partName}\n
&lt;/#if&gt;
&lt;#if element.throwsList.referenceElements?has_content&gt;
         *\n
&lt;/#if&gt;
&lt;#list element.throwsList.referenceElements as exception&gt;
         * @throws ${exception.referenceName} the ${exceptionNames[exception.referenceName]}\n
&lt;/#list&gt;
 */</VALUE>
            </METHOD>
            <METHOD>
              <KEY>^.*(public|protected|private)*\s*.*(void|\w(\s*&lt;.+&gt;)*)+\s+set\w+\s*\(.*\).+</KEY>
              <VALUE>/**\n
 * Sets ${partName}.\n
&lt;#if element.typeParameters?has_content&gt;         * \n
&lt;/#if&gt;
&lt;#list element.typeParameters as typeParameter&gt;
         * @param &lt;${typeParameter.name}&gt; the type parameter\n
&lt;/#list&gt;
&lt;#if element.parameterList.parameters?has_content&gt;
         *\n
&lt;/#if&gt;
&lt;#list element.parameterList.parameters as parameter&gt;
         * @param ${parameter.name} the ${paramNames[parameter.name]}\n
&lt;/#list&gt;
&lt;#if isNotVoid&gt;
         *\n
         * @return the ${partName}\n
&lt;/#if&gt;
&lt;#if element.throwsList.referenceElements?has_content&gt;
         *\n
&lt;/#if&gt;
&lt;#list element.throwsList.referenceElements as exception&gt;
         * @throws ${exception.referenceName} the ${exceptionNames[exception.referenceName]}\n
&lt;/#list&gt;
 */</VALUE>
            </METHOD>
            <METHOD>
              <KEY>^.*((public\s+static)|(static\s+public))\s+void\s+main\s*\(\s*String\s*(\[\s*\]|\.\.\.)\s+\w+\s*\).+</KEY>
              <VALUE>/**\n
 * The entry point of application.\n

     &lt;#if element.parameterList.parameters?has_content&gt;
         *\n
&lt;/#if&gt;
     * @param ${element.parameterList.parameters[0].name} the input arguments\n
&lt;#if element.throwsList.referenceElements?has_content&gt;
         *\n
&lt;/#if&gt;
&lt;#list element.throwsList.referenceElements as exception&gt;
         * @throws ${exception.referenceName} the ${exceptionNames[exception.referenceName]}\n
&lt;/#list&gt;
 */</VALUE>
            </METHOD>
            <METHOD>
              <KEY>.+</KEY>
              <VALUE>/**\n
 * ${name}&lt;#if isNotVoid&gt; ${return}&lt;/#if&gt;.\n
&lt;#if element.typeParameters?has_content&gt;         * \n
&lt;/#if&gt;
&lt;#list element.typeParameters as typeParameter&gt;
         * @param &lt;${typeParameter.name}&gt; the type parameter\n
&lt;/#list&gt;
&lt;#if element.parameterList.parameters?has_content&gt;
         *\n
&lt;/#if&gt;
&lt;#list element.parameterList.parameters as parameter&gt;
         * @param ${parameter.name} the ${paramNames[parameter.name]}\n
&lt;/#list&gt;
&lt;#if isNotVoid&gt;
         *\n
         * @return the ${return}\n
&lt;/#if&gt;
&lt;#if element.throwsList.referenceElements?has_content&gt;
         *\n
&lt;/#if&gt;
&lt;#list element.throwsList.referenceElements as exception&gt;
         * @throws ${exception.referenceName} the ${exceptionNames[exception.referenceName]}\n
&lt;/#list&gt;
 */</VALUE>
            </METHOD>
          </METHODS>
          <FIELDS>
            <FIELD>
              <KEY>^.*(public|protected|private)*.+static.*(\w\s\w)+.+</KEY>
              <VALUE>/**\n
 * The constant ${element.getName()}.\n
 */</VALUE>
            </FIELD>
            <FIELD>
              <KEY>^.*(public|protected|private)*.*(\w\s\w)+.+</KEY>
              <VALUE>/**\n
    &lt;#if element.parent.isInterface()&gt;
        * The constant ${element.getName()}.\n
&lt;#else&gt;
        * The ${name}.\n
&lt;/#if&gt; */</VALUE>
            </FIELD>
            <FIELD>
              <KEY>.+</KEY>
              <VALUE>/**\n
    &lt;#if element.parent.isEnum()&gt;
        *${name} ${typeName}.\n
&lt;#else&gt;
        * The ${name}.\n
&lt;/#if&gt;*/</VALUE>
            </FIELD>
          </FIELDS>
        </TEMPLATES>
      </component>
      <component name="JsFlowSettings">
        <service-enabled>true</service-enabled>
        <exe-path />
        <other-services-enabled>true</other-services-enabled>
        <auto-save>true</auto-save>
      </component>
      <component name="MavenImportPreferences">
        <option name="generalSettings">
          <MavenGeneralSettings>
            <option name="localRepository" value="D:\Dev\maven_repository" />
            <option name="userSettingsFile" value="D:\Dev\apache-maven-3.6.3\conf\settings.xml" />
          </MavenGeneralSettings>
        </option>
        <option name="importingSettings">
          <MavenImportingSettings>
            <option name="vmOptionsForImporter" value="-Xmx768m" />
          </MavenImportingSettings>
        </option>
      </component>
      <component name="ProjectDictionaryState">
        <dictionary name="DeltaV" />
      </component>
      <component name="ProjectInspectionProfilesVisibleTreeState">
        <entry key="Project Default">
          <profile-state>
            <expanded-state>
              <State />
              <State>
                <id>Java</id>
              </State>
              <State>
                <id>JavadocJava</id>
              </State>
            </expanded-state>
            <selected-state>
              <State>
                <id>JavaDoc</id>
              </State>
            </selected-state>
          </profile-state>
        </entry>
      </component>
      <component name="ProjectRootManager" version="2" languageLevel="JDK_1_8" project-jdk-name="1.8" project-jdk-type="JavaSDK" />
      <component name="ProjectViewState">
        <option name="hideEmptyMiddlePackages" value="true" />
        <option name="showLibraryContents" value="true" />
      </component>
      <component name="PropertiesComponent">
        <property name="nodejs_interpreter_path.stuck_in_default_project" value="undefined stuck path" />
        <property name="nodejs_npm_path_reset_for_default_project" value="true" />
        <property name="project.structure.last.edited" value="Project" />
        <property name="project.structure.proportion" value="0.0" />
        <property name="project.structure.side.proportion" value="0.2" />
        <property name="settings.editor.selected.configurable" value="fileTemplates" />
      </component>
      <component name="SvnConfiguration">
        <configuration>C:\Users\DeltaV\AppData\Roaming\Subversion</configuration>
      </component>
      <component name="VcsManagerConfiguration">
        <option name="OFFER_MOVE_TO_ANOTHER_CHANGELIST_ON_PARTIAL_COMMIT" value="true" />
        <confirmMoveToFailedCommit value="0" />
        <option name="FORCE_NON_EMPTY_COMMENT" value="true" />
        <option name="OPTIMIZE_IMPORTS_BEFORE_PROJECT_COMMIT" value="true" />
        <option name="REFORMAT_BEFORE_PROJECT_COMMIT" value="true" />
        <option name="REARRANGE_BEFORE_PROJECT_COMMIT" value="true" />
      </component>
      <component name="masterDetails">
        <states>
          <state key="GlobalLibrariesConfigurable.UI">
            <settings>
              <last-edited>jquery-ui</last-edited>
              <splitter-proportions>
                <option name="proportions">
                  <list>
                    <option value="0.2" />
                  </list>
                </option>
              </splitter-proportions>
            </settings>
          </state>
          <state key="JdkListConfigurable.UI">
            <settings>
              <last-edited>1.8</last-edited>
              <splitter-proportions>
                <option name="proportions">
                  <list>
                    <option value="0.2" />
                  </list>
                </option>
              </splitter-proportions>
            </settings>
          </state>
          <state key="ProjectJDKs.UI">
            <settings>
              <last-edited>1.7</last-edited>
              <splitter-proportions>
                <option name="proportions">
                  <list>
                    <option value="0.2" />
                  </list>
                </option>
              </splitter-proportions>
            </settings>
          </state>
          <state key="ProjectLibrariesConfigurable.UI">
            <settings>
              <splitter-proportions>
                <option name="proportions">
                  <list>
                    <option value="0.2" />
                  </list>
                </option>
              </splitter-proportions>
            </settings>
          </state>
          <state key="ScopeChooserConfigurable.UI">
            <settings>
              <splitter-proportions>
                <option name="proportions">
                  <list>
                    <option value="0.2" />
                  </list>
                </option>
              </splitter-proportions>
            </settings>
          </state>
        </states>
      </component>
    </defaultProject>
  </component>
</application>