<application>
  <component name="AppStorage">
    <option name="newTranslationDialogCollapseDictViewer" value="false" />
    <option name="newTranslationDialogWidth" value="586" />
    <option name="newTranslationDialogX" value="1330" />
    <option name="newTranslationDialogY" value="695" />
    <option name="pinNewTranslationDialog" value="true" />
    <histories>
      <item value="class" />
      <item value="INVOKE URL" />
      <item value="conflict" />
      <item value="dependence" />
      <item value="register" />
      <item value="note" />
      <item value="eviction" />
      <item value="preservation" />
      <item value="return" />
      <item value="error" />
      <item value="Common Result VO" />
      <item value="ret Val" />
      <item value="Exception" />
      <item value="instance" />
      <item value="curous" />
      <item value="replication" />
      <item value="- Indent unordered note under ordered note" />
      <item value="Variance" />
      <item value="footprint" />
      <item value="buckets" />
      <item value="entries" />
      <item value="literals" />
      <item value="String Intern Space Efficiency Test" />
      <item value="audition Exam" />
      <item value="Test efficiency of &quot;+&quot; Operator and StringBuilder" />
      <item value="Verify if the compiler will join multi standalone string literal to a big one." />
      <item value="union" />
      <item value="Verify" />
      <item value="Test difference efficiency between different StringTableSize JVM parameter." />
      <item value="efficiency" />
      <item value="efficience" />
      <item value="efficient" />
      <item value="Test difference between different StringTableSize JVM parameter." />
      <item value="lighter" />
      <item value="barge" />
      <item value="eligible" />
      <item value="saturate" />
      <item value="If status is negative (i.e., possibly needing signal) try to clear in anticipation of signalling. It is OK if this fails or if status is changed by waiting thread." />
      <item value="Epoch" />
      <item value="permit" />
      <item value="immediately" />
      <item value="hint" />
      <item value="fence" />
      <item value="IMMUTABLE" />
      <item value="cursor" />
      <item value="deserializing" />
      <item value="shallow" />
      <item value="unchecked" />
      <item value="effiective" />
      <item value="Interpreter" />
    </histories>
    <option name="languageScores">
      <map>
        <entry key="CHINESE" value="278" />
        <entry key="ENGLISH" value="279" />
        <entry key="DANISH" value="1" />
        <entry key="GERMAN" value="1" />
        <entry key="GUJARATI" value="1" />
        <entry key="ROMANIAN" value="1" />
        <entry key="PORTUGUESE" value="3" />
        <entry key="SAMOAN" value="1" />
        <entry key="SLOVENIAN" value="1" />
        <entry key="SPANISH" value="1" />
        <entry key="INDONESIAN" value="1" />
      </map>
    </option>
  </component>
  <component name="Cache">
    <option name="lastTrimTime" value="1642265507298" />
  </component>
</application>