<application>
  <component name="FileTypeManager" version="18">
    <extensionMap>
      <mapping ext="space.kts" type="Kotlin" />
      <mapping ext="gradle.kts" type="Kotlin" />
      <mapping ext="main.kts" type="Kotlin" />
      <mapping ext="repo" type="Native" />
      <mapping pattern="include-admin-nav" type="PLAIN_TEXT" />
      <mapping pattern="02-Tuna-CentOS-Base-Repo" type="PLAIN_TEXT" />
      <mapping pattern="03-Tuna-CentOS8-Base-Repo" type="PLAIN_TEXT" />
      <mapping ext="test" type="PLAIN_TEXT" />
      <removed_mapping ext="ignore" approved="true" type="IgnoreLang file" />
      <removed_mapping ext="log" approved="true" type="ANSI Aware" />
    </extensionMap>
  </component>
</application>