<application>
  <component name="AppStorage">
    <option name="newTranslationDialogCollapseDictViewer" value="false" />
    <option name="newTranslationDialogWidth" value="582" />
    <option name="newTranslationDialogX" value="1330" />
    <option name="newTranslationDialogY" value="695" />
    <histories>
      <item value="demo code for memory leak case" />
      <item value="non-deterministic" />
      <item value="Thus" />
      <item value="except" />
      <item value="Comodification" />
      <item value="expected Mod Count" />
      <item value="no such" />
      <item value="cursor" />
      <item value="knowledge" />
      <item value="dominator" />
      <item value="- Add object memory structure notes" />
      <item value="doc(JVM-tools): add explanation for retained heap size of MAT" />
      <item value="MAT" />
      <item value="doc(JVM-tools): add explanation for retained heap size in MAT tool" />
      <item value="predecessor" />
      <item value="enqueued" />
      <item value="successor" />
      <item value="successor's" />
      <item value="EXCLUSIVE" />
      <item value="mechanics" />
      <item value="Retrieves" />
      <item value="examine" />
      <item value="as well as" />
      <item value="deck" />
      <item value="queue" />
      <item value="custom classloader" />
      <item value="custom" />
      <item value="customer" />
      <item value="Returns the class with the given binary name if this loader has been recorded by the Java virtual machine as an initiating loader of a class with that binary name. Otherwise null is returned." />
      <item value="structure" />
      <item value="and the appropriate lock object for class loading." />
      <item value="appropriate" />
      <item value="capable" />
      <item value="If the specified key is not already associated with a value (or is mapped to null) associates it with the given value and returns null, else returns the current value. Returns: the previous value associated with the specified key, or null if there was no mapping for the key Throws: NullPointerException – if the specified key or value is null" />
      <item value="Absent" />
      <item value="delegation" />
      <item value="bypass" />
      <item value="or null if none" />
      <item value="eligible" />
      <item value="bound" />
      <item value="false alarms" />
      <item value="fewer" />
      <item value="parallelism" />
      <item value="supplier" />
      <item value="passtive" />
      <item value="- Add class active initialization related demo code." />
      <item value="for Name" />
      <item value="processing" />
      <item value="directories" />
      <item value="handle" />
    </histories>
    <option name="languageScores">
      <map>
        <entry key="CHINESE" value="364" />
        <entry key="ENGLISH" value="363" />
        <entry key="DANISH" value="1" />
        <entry key="GERMAN" value="1" />
        <entry key="GUJARATI" value="1" />
        <entry key="LUXEMBOURGISH" value="1" />
        <entry key="ROMANIAN" value="1" />
        <entry key="PORTUGUESE" value="3" />
        <entry key="SAMOAN" value="1" />
        <entry key="SLOVENIAN" value="1" />
        <entry key="SPANISH" value="2" />
        <entry key="INDONESIAN" value="1" />
      </map>
    </option>
  </component>
  <component name="Cache">
    <option name="lastTrimTime" value="1653065588642" />
  </component>
</application>